<?xml version="1.0" encoding="UTF-8"?>
<robot generated="20130502 17:26:43.329" generator="Robot 2.7 b2 (Python 2.7.2 on win32)">
<suite source="C:\work\toys\ATDD-BookStore\step5\robotcase.txt" id="s1" name="Robotcase">
<doc></doc>
<metadata>
</metadata>
<test id="s1-t1" timeout="" name="Login With Correct Username And Password">
<doc></doc>
<kw type="setup" name="Selenium2Library.Open Browser" timeout="">
<doc>Opens a new browser instance to given URL.</doc>
<arguments>
<arg>http://127.0.0.1:8000/book/</arg>
<arg>${browser}</arg>
</arguments>
<msg timestamp="20130502 17:26:43.699" level="INFO">Opening browser 'firefox' to base url 'http://127.0.0.1:8000/book/'</msg>
<status status="PASS" endtime="20130502 17:26:49.727" starttime="20130502 17:26:43.698"></status>
</kw>
<kw type="kw" name="Selenium2Library.Page Should Contain" timeout="">
<doc>Verifies that current page contains `text`.</doc>
<arguments>
<arg>Welcome to Book Store.</arg>
</arguments>
<msg timestamp="20130502 17:26:49.814" level="INFO">Current page contains text 'Welcome to Book Store.'.</msg>
<status status="PASS" endtime="20130502 17:26:49.814" starttime="20130502 17:26:49.728"></status>
</kw>
<kw type="kw" name="Login To Public" timeout="">
<doc></doc>
<arguments>
<arg>uperform</arg>
<arg>uperform</arg>
</arguments>
<kw type="kw" name="Selenium2Library.Input Text" timeout="">
<doc>Types the given `text` into text field identified by `locator`.</doc>
<arguments>
<arg>id=username</arg>
<arg>${username}</arg>
</arguments>
<msg timestamp="20130502 17:26:49.817" level="INFO">Typing text 'uperform' into text field 'id=username'</msg>
<status status="PASS" endtime="20130502 17:26:49.919" starttime="20130502 17:26:49.816"></status>
</kw>
<kw type="kw" name="Selenium2Library.Input Text" timeout="">
<doc>Types the given `text` into text field identified by `locator`.</doc>
<arguments>
<arg>id=password</arg>
<arg>${password}</arg>
</arguments>
<msg timestamp="20130502 17:26:49.920" level="INFO">Typing text 'uperform' into text field 'id=password'</msg>
<status status="PASS" endtime="20130502 17:26:50.155" starttime="20130502 17:26:49.919"></status>
</kw>
<kw type="kw" name="Selenium2Library.Click Button" timeout="">
<doc>Clicks a button identified by `locator`.</doc>
<arguments>
<arg>id=btnLogin</arg>
</arguments>
<msg timestamp="20130502 17:26:50.156" level="INFO">Clicking button 'id=btnLogin'.</msg>
<status status="PASS" endtime="20130502 17:26:50.305" starttime="20130502 17:26:50.155"></status>
</kw>
<status status="PASS" endtime="20130502 17:26:50.305" starttime="20130502 17:26:49.815"></status>
</kw>
<kw type="kw" name="Selenium2Library.Page Should Contain" timeout="">
<doc>Verifies that current page contains `text`.</doc>
<arguments>
<arg>Welcome, uperform. Thanks for logging in</arg>
</arguments>
<msg timestamp="20130502 17:26:51.356" level="INFO">Current page contains text 'Welcome, uperform. Thanks for logging in'.</msg>
<status status="PASS" endtime="20130502 17:26:51.356" starttime="20130502 17:26:50.306"></status>
</kw>
<kw type="kw" name="Selenium2Library.Page Should Contain Element" timeout="">
<doc>Verifies element identified by `locator` is found on the current page.</doc>
<arguments>
<arg>id=btnLogout</arg>
</arguments>
<msg timestamp="20130502 17:26:51.376" level="INFO">Current page contains element 'id=btnLogout'.</msg>
<status status="PASS" endtime="20130502 17:26:51.376" starttime="20130502 17:26:51.357"></status>
</kw>
<kw type="kw" name="Logout From Public" timeout="">
<doc></doc>
<arguments>
</arguments>
<kw type="kw" name="Selenium2Library.Go To" timeout="">
<doc>Navigates the active browser instance to the provided URL.</doc>
<arguments>
<arg>${baseUrl}</arg>
</arguments>
<msg timestamp="20130502 17:26:51.378" level="INFO">Opening url 'http://127.0.0.1:8000/book'</msg>
<status status="PASS" endtime="20130502 17:26:51.428" starttime="20130502 17:26:51.378"></status>
</kw>
<kw type="kw" name="Selenium2Library.Click Element" timeout="">
<doc>Click element identified by `locator`.</doc>
<arguments>
<arg>id=btnLogout</arg>
</arguments>
<msg timestamp="20130502 17:26:51.429" level="INFO">Clicking element 'id=btnLogout'.</msg>
<status status="PASS" endtime="20130502 17:26:51.578" starttime="20130502 17:26:51.428"></status>
</kw>
<status status="PASS" endtime="20130502 17:26:51.579" starttime="20130502 17:26:51.377"></status>
</kw>
<kw type="teardown" name="Selenium2Library.Close Browser" timeout="">
<doc>Closes the current browser.</doc>
<arguments>
</arguments>
<status status="PASS" endtime="20130502 17:26:52.373" starttime="20130502 17:26:51.579"></status>
</kw>
<tags>
</tags>
<status status="PASS" endtime="20130502 17:26:52.374" critical="yes" starttime="20130502 17:26:43.697"></status>
</test>
<status status="PASS" endtime="20130502 17:26:52.375" starttime="20130502 17:26:43.329"></status>
</suite>
<statistics>
<total>
<stat fail="0" pass="1">Critical Tests</stat>
<stat fail="0" pass="1">All Tests</stat>
</total>
<tag>
</tag>
<suite>
<stat fail="0" id="s1" name="Robotcase" pass="1">Robotcase</stat>
</suite>
</statistics>
<errors>
</errors>
</robot>
