<?xml version="1.0" encoding="UTF-8"?>
<robot generated="20130502 17:15:38.152" generator="Robot 2.7 b2 (Python 2.7.2 on win32)">
<suite source="C:\work\toys\ATDD-BookStore\step3\robotcase.txt" id="s1" name="Robotcase">
<doc></doc>
<metadata>
</metadata>
<test id="s1-t1" timeout="" name="Built-in Syntax">
<doc></doc>
<kw type="kw" name="BuiltIn.Log Many" timeout="">
<doc>Logs the given messages as separate entries with the INFO level.</doc>
<arguments>
<arg>@{os}</arg>
</arguments>
<msg timestamp="20130502 17:15:38.571" level="INFO">windows</msg>
<msg timestamp="20130502 17:15:38.572" level="INFO">macos</msg>
<msg timestamp="20130502 17:15:38.572" level="INFO">linux</msg>
<status status="PASS" endtime="20130502 17:15:38.572" starttime="20130502 17:15:38.571"></status>
</kw>
<kw type="kw" name="For Loop" timeout="">
<doc></doc>
<arguments>
</arguments>
<kw type="kw" name="@{items} = BuiltIn.Evaluate" timeout="">
<doc>Evaluates the given expression in Python and returns the results.</doc>
<arguments>
<arg>range(5)</arg>
</arguments>
<msg timestamp="20130502 17:15:38.574" level="INFO">@{items} = [ 0 | 1 | 2 | 3 | 4 ]</msg>
<status status="PASS" endtime="20130502 17:15:38.573" starttime="20130502 17:15:38.573"></status>
</kw>
<kw type="for" name="${var} IN [ @{items} ]" timeout="">
<doc></doc>
<arguments>
</arguments>
<kw type="foritem" name="${var} = 0" timeout="">
<doc></doc>
<arguments>
</arguments>
<kw type="kw" name="BuiltIn.Log" timeout="">
<doc>Logs the given message with the given level.</doc>
<arguments>
<arg>Hello, ${var}</arg>
</arguments>
<msg timestamp="20130502 17:15:38.575" level="INFO">Hello, 0</msg>
<status status="PASS" endtime="20130502 17:15:38.575" starttime="20130502 17:15:38.574"></status>
</kw>
<status status="PASS" endtime="20130502 17:15:38.575" starttime="20130502 17:15:38.574"></status>
</kw>
<kw type="foritem" name="${var} = 1" timeout="">
<doc></doc>
<arguments>
</arguments>
<kw type="kw" name="BuiltIn.Log" timeout="">
<doc>Logs the given message with the given level.</doc>
<arguments>
<arg>Hello, ${var}</arg>
</arguments>
<msg timestamp="20130502 17:15:38.576" level="INFO">Hello, 1</msg>
<status status="PASS" endtime="20130502 17:15:38.576" starttime="20130502 17:15:38.575"></status>
</kw>
<status status="PASS" endtime="20130502 17:15:38.576" starttime="20130502 17:15:38.575"></status>
</kw>
<kw type="foritem" name="${var} = 2" timeout="">
<doc></doc>
<arguments>
</arguments>
<kw type="kw" name="BuiltIn.Log" timeout="">
<doc>Logs the given message with the given level.</doc>
<arguments>
<arg>Hello, ${var}</arg>
</arguments>
<msg timestamp="20130502 17:15:38.577" level="INFO">Hello, 2</msg>
<status status="PASS" endtime="20130502 17:15:38.577" starttime="20130502 17:15:38.576"></status>
</kw>
<status status="PASS" endtime="20130502 17:15:38.577" starttime="20130502 17:15:38.576"></status>
</kw>
<kw type="foritem" name="${var} = 3" timeout="">
<doc></doc>
<arguments>
</arguments>
<kw type="kw" name="BuiltIn.Log" timeout="">
<doc>Logs the given message with the given level.</doc>
<arguments>
<arg>Hello, ${var}</arg>
</arguments>
<msg timestamp="20130502 17:15:38.578" level="INFO">Hello, 3</msg>
<status status="PASS" endtime="20130502 17:15:38.578" starttime="20130502 17:15:38.577"></status>
</kw>
<status status="PASS" endtime="20130502 17:15:38.578" starttime="20130502 17:15:38.577"></status>
</kw>
<kw type="foritem" name="${var} = 4" timeout="">
<doc></doc>
<arguments>
</arguments>
<kw type="kw" name="BuiltIn.Log" timeout="">
<doc>Logs the given message with the given level.</doc>
<arguments>
<arg>Hello, ${var}</arg>
</arguments>
<msg timestamp="20130502 17:15:38.579" level="INFO">Hello, 4</msg>
<status status="PASS" endtime="20130502 17:15:38.579" starttime="20130502 17:15:38.579"></status>
</kw>
<status status="PASS" endtime="20130502 17:15:38.579" starttime="20130502 17:15:38.578"></status>
</kw>
<status status="PASS" endtime="20130502 17:15:38.579" starttime="20130502 17:15:38.574"></status>
</kw>
<status status="PASS" endtime="20130502 17:15:38.579" starttime="20130502 17:15:38.573"></status>
</kw>
<kw type="kw" name="${fullName} = Concat Full Name" timeout="">
<doc></doc>
<arguments>
<arg>Jacky</arg>
<arg>Shen</arg>
</arguments>
<msg timestamp="20130502 17:15:38.581" level="INFO">${fullName} = Jacky,  Shen</msg>
<status status="PASS" endtime="20130502 17:15:38.581" starttime="20130502 17:15:38.580"></status>
</kw>
<kw type="kw" name="BuiltIn.Log" timeout="">
<doc>Logs the given message with the given level.</doc>
<arguments>
<arg>${fullName}</arg>
</arguments>
<msg timestamp="20130502 17:15:38.583" level="INFO">Jacky,  Shen</msg>
<status status="PASS" endtime="20130502 17:15:38.583" starttime="20130502 17:15:38.582"></status>
</kw>
<tags>
</tags>
<status status="PASS" endtime="20130502 17:15:38.583" critical="yes" starttime="20130502 17:15:38.570"></status>
</test>
<test id="s1-t2" timeout="" name="Login With Wrong Username">
<doc></doc>
<kw type="setup" name="Selenium2Library.Open Browser" timeout="">
<doc>Opens a new browser instance to given URL.</doc>
<arguments>
<arg>http://127.0.0.1:8000/book/</arg>
<arg>${browser}</arg>
</arguments>
<msg timestamp="20130502 17:15:38.588" level="INFO">Opening browser 'firefox' to base url 'http://127.0.0.1:8000/book/'</msg>
<status status="PASS" endtime="20130502 17:15:46.348" starttime="20130502 17:15:38.588"></status>
</kw>
<kw type="kw" name="Selenium2Library.Page Should Contain" timeout="">
<doc>Verifies that current page contains `text`.</doc>
<arguments>
<arg>Welcome to Book Store.</arg>
</arguments>
<msg timestamp="20130502 17:15:46.441" level="INFO">Current page contains text 'Welcome to Book Store.'.</msg>
<status status="PASS" endtime="20130502 17:15:46.442" starttime="20130502 17:15:46.349"></status>
</kw>
<kw type="kw" name="Login To Public" timeout="">
<doc></doc>
<arguments>
<arg>abcdefg</arg>
<arg>uperform</arg>
</arguments>
<kw type="kw" name="Selenium2Library.Input Text" timeout="">
<doc>Types the given `text` into text field identified by `locator`.</doc>
<arguments>
<arg>id=username</arg>
<arg>${username}</arg>
</arguments>
<msg timestamp="20130502 17:15:46.445" level="INFO">Typing text 'abcdefg' into text field 'id=username'</msg>
<status status="PASS" endtime="20130502 17:15:46.555" starttime="20130502 17:15:46.444"></status>
</kw>
<kw type="kw" name="Selenium2Library.Input Text" timeout="">
<doc>Types the given `text` into text field identified by `locator`.</doc>
<arguments>
<arg>id=password</arg>
<arg>${password}</arg>
</arguments>
<msg timestamp="20130502 17:15:46.557" level="INFO">Typing text 'uperform' into text field 'id=password'</msg>
<status status="PASS" endtime="20130502 17:15:46.691" starttime="20130502 17:15:46.556"></status>
</kw>
<kw type="kw" name="Selenium2Library.Click Button" timeout="">
<doc>Clicks a button identified by `locator`.</doc>
<arguments>
<arg>id=btnLogin</arg>
</arguments>
<msg timestamp="20130502 17:15:46.692" level="INFO">Clicking button 'id=btnLogin'.</msg>
<status status="PASS" endtime="20130502 17:15:47.560" starttime="20130502 17:15:46.691"></status>
</kw>
<status status="PASS" endtime="20130502 17:15:47.560" starttime="20130502 17:15:46.442"></status>
</kw>
<kw type="kw" name="Selenium2Library.Page Should Contain" timeout="">
<doc>Verifies that current page contains `text`.</doc>
<arguments>
<arg>Wrong username or password!</arg>
</arguments>
<msg timestamp="20130502 17:15:47.650" level="INFO">Current page contains text 'Wrong username or password!'.</msg>
<status status="PASS" endtime="20130502 17:15:47.650" starttime="20130502 17:15:47.561"></status>
</kw>
<kw type="kw" name="Selenium2Library.Page Should Contain Element" timeout="">
<doc>Verifies element identified by `locator` is found on the current page.</doc>
<arguments>
<arg>id=btnLogin</arg>
</arguments>
<msg timestamp="20130502 17:15:47.678" level="INFO">Current page contains element 'id=btnLogin'.</msg>
<status status="PASS" endtime="20130502 17:15:47.678" starttime="20130502 17:15:47.650"></status>
</kw>
<kw type="teardown" name="Selenium2Library.Close Browser" timeout="">
<doc>Closes the current browser.</doc>
<arguments>
</arguments>
<status status="PASS" endtime="20130502 17:15:48.729" starttime="20130502 17:15:47.679"></status>
</kw>
<tags>
</tags>
<status status="PASS" endtime="20130502 17:15:48.730" critical="yes" starttime="20130502 17:15:38.586"></status>
</test>
<test id="s1-t3" timeout="" name="Login With Wrong Password">
<doc></doc>
<kw type="setup" name="Selenium2Library.Open Browser" timeout="">
<doc>Opens a new browser instance to given URL.</doc>
<arguments>
<arg>http://127.0.0.1:8000/book/</arg>
<arg>${browser}</arg>
</arguments>
<msg timestamp="20130502 17:15:48.735" level="INFO">Opening browser 'firefox' to base url 'http://127.0.0.1:8000/book/'</msg>
<status status="PASS" endtime="20130502 17:15:54.489" starttime="20130502 17:15:48.735"></status>
</kw>
<kw type="kw" name="Selenium2Library.Page Should Contain" timeout="">
<doc>Verifies that current page contains `text`.</doc>
<arguments>
<arg>Welcome to Book Store.</arg>
</arguments>
<msg timestamp="20130502 17:15:54.588" level="INFO">Current page contains text 'Welcome to Book Store.'.</msg>
<status status="PASS" endtime="20130502 17:15:54.588" starttime="20130502 17:15:54.489"></status>
</kw>
<kw type="kw" name="Login To Public" timeout="">
<doc></doc>
<arguments>
<arg>uperform</arg>
<arg>1234</arg>
</arguments>
<kw type="kw" name="Selenium2Library.Input Text" timeout="">
<doc>Types the given `text` into text field identified by `locator`.</doc>
<arguments>
<arg>id=username</arg>
<arg>${username}</arg>
</arguments>
<msg timestamp="20130502 17:15:54.590" level="INFO">Typing text 'uperform' into text field 'id=username'</msg>
<status status="PASS" endtime="20130502 17:15:54.725" starttime="20130502 17:15:54.590"></status>
</kw>
<kw type="kw" name="Selenium2Library.Input Text" timeout="">
<doc>Types the given `text` into text field identified by `locator`.</doc>
<arguments>
<arg>id=password</arg>
<arg>${password}</arg>
</arguments>
<msg timestamp="20130502 17:15:54.726" level="INFO">Typing text '1234' into text field 'id=password'</msg>
<status status="PASS" endtime="20130502 17:15:54.897" starttime="20130502 17:15:54.725"></status>
</kw>
<kw type="kw" name="Selenium2Library.Click Button" timeout="">
<doc>Clicks a button identified by `locator`.</doc>
<arguments>
<arg>id=btnLogin</arg>
</arguments>
<msg timestamp="20130502 17:15:54.897" level="INFO">Clicking button 'id=btnLogin'.</msg>
<status status="PASS" endtime="20130502 17:15:55.056" starttime="20130502 17:15:54.897"></status>
</kw>
<status status="PASS" endtime="20130502 17:15:55.057" starttime="20130502 17:15:54.589"></status>
</kw>
<kw type="kw" name="Selenium2Library.Page Should Contain" timeout="">
<doc>Verifies that current page contains `text`.</doc>
<arguments>
<arg>Wrong username or password!</arg>
</arguments>
<msg timestamp="20130502 17:15:55.214" level="INFO">Current page contains text 'Wrong username or password!'.</msg>
<status status="PASS" endtime="20130502 17:15:55.214" starttime="20130502 17:15:55.057"></status>
</kw>
<kw type="kw" name="Selenium2Library.Page Should Contain Element" timeout="">
<doc>Verifies element identified by `locator` is found on the current page.</doc>
<arguments>
<arg>id=btnLogin</arg>
</arguments>
<msg timestamp="20130502 17:15:55.245" level="INFO">Current page contains element 'id=btnLogin'.</msg>
<status status="PASS" endtime="20130502 17:15:55.245" starttime="20130502 17:15:55.215"></status>
</kw>
<kw type="teardown" name="Selenium2Library.Close Browser" timeout="">
<doc>Closes the current browser.</doc>
<arguments>
</arguments>
<status status="PASS" endtime="20130502 17:15:55.326" starttime="20130502 17:15:55.246"></status>
</kw>
<tags>
</tags>
<status status="PASS" endtime="20130502 17:15:55.327" critical="yes" starttime="20130502 17:15:48.733"></status>
</test>
<test id="s1-t4" timeout="" name="Login With Correct Username And Password">
<doc></doc>
<kw type="setup" name="Selenium2Library.Open Browser" timeout="">
<doc>Opens a new browser instance to given URL.</doc>
<arguments>
<arg>http://127.0.0.1:8000/book/</arg>
<arg>${browser}</arg>
</arguments>
<msg timestamp="20130502 17:15:55.330" level="INFO">Opening browser 'firefox' to base url 'http://127.0.0.1:8000/book/'</msg>
<status status="PASS" endtime="20130502 17:16:01.436" starttime="20130502 17:15:55.329"></status>
</kw>
<kw type="kw" name="Selenium2Library.Page Should Contain" timeout="">
<doc>Verifies that current page contains `text`.</doc>
<arguments>
<arg>Welcome to Book Store.</arg>
</arguments>
<msg timestamp="20130502 17:16:01.531" level="INFO">Current page contains text 'Welcome to Book Store.'.</msg>
<status status="PASS" endtime="20130502 17:16:01.531" starttime="20130502 17:16:01.437"></status>
</kw>
<kw type="kw" name="Login To Public" timeout="">
<doc></doc>
<arguments>
<arg>uperform</arg>
<arg>uperform</arg>
</arguments>
<kw type="kw" name="Selenium2Library.Input Text" timeout="">
<doc>Types the given `text` into text field identified by `locator`.</doc>
<arguments>
<arg>id=username</arg>
<arg>${username}</arg>
</arguments>
<msg timestamp="20130502 17:16:01.533" level="INFO">Typing text 'uperform' into text field 'id=username'</msg>
<status status="PASS" endtime="20130502 17:16:01.650" starttime="20130502 17:16:01.533"></status>
</kw>
<kw type="kw" name="Selenium2Library.Input Text" timeout="">
<doc>Types the given `text` into text field identified by `locator`.</doc>
<arguments>
<arg>id=password</arg>
<arg>${password}</arg>
</arguments>
<msg timestamp="20130502 17:16:01.651" level="INFO">Typing text 'uperform' into text field 'id=password'</msg>
<status status="PASS" endtime="20130502 17:16:01.840" starttime="20130502 17:16:01.650"></status>
</kw>
<kw type="kw" name="Selenium2Library.Click Button" timeout="">
<doc>Clicks a button identified by `locator`.</doc>
<arguments>
<arg>id=btnLogin</arg>
</arguments>
<msg timestamp="20130502 17:16:01.841" level="INFO">Clicking button 'id=btnLogin'.</msg>
<status status="PASS" endtime="20130502 17:16:02.002" starttime="20130502 17:16:01.841"></status>
</kw>
<status status="PASS" endtime="20130502 17:16:02.003" starttime="20130502 17:16:01.532"></status>
</kw>
<kw type="kw" name="Selenium2Library.Page Should Contain" timeout="">
<doc>Verifies that current page contains `text`.</doc>
<arguments>
<arg>Welcome, uperform. Thanks for logging in</arg>
</arguments>
<msg timestamp="20130502 17:16:02.812" level="INFO">Current page contains text 'Welcome, uperform. Thanks for logging in'.</msg>
<status status="PASS" endtime="20130502 17:16:02.812" starttime="20130502 17:16:02.003"></status>
</kw>
<kw type="kw" name="Selenium2Library.Page Should Contain Element" timeout="">
<doc>Verifies element identified by `locator` is found on the current page.</doc>
<arguments>
<arg>id=btnLogout</arg>
</arguments>
<msg timestamp="20130502 17:16:02.828" level="INFO">Current page contains element 'id=btnLogout'.</msg>
<status status="PASS" endtime="20130502 17:16:02.828" starttime="20130502 17:16:02.813"></status>
</kw>
<kw type="kw" name="Logout From Public" timeout="">
<doc></doc>
<arguments>
</arguments>
<kw type="kw" name="Selenium2Library.Go To" timeout="">
<doc>Navigates the active browser instance to the provided URL.</doc>
<arguments>
<arg>${baseUrl}</arg>
</arguments>
<msg timestamp="20130502 17:16:02.830" level="INFO">Opening url 'http://127.0.0.1:8000/book'</msg>
<status status="PASS" endtime="20130502 17:16:02.895" starttime="20130502 17:16:02.830"></status>
</kw>
<kw type="kw" name="Selenium2Library.Click Element" timeout="">
<doc>Click element identified by `locator`.</doc>
<arguments>
<arg>id=btnLogout</arg>
</arguments>
<msg timestamp="20130502 17:16:02.897" level="INFO">Clicking element 'id=btnLogout'.</msg>
<status status="PASS" endtime="20130502 17:16:03.034" starttime="20130502 17:16:02.896"></status>
</kw>
<status status="PASS" endtime="20130502 17:16:03.035" starttime="20130502 17:16:02.829"></status>
</kw>
<kw type="teardown" name="Selenium2Library.Close Browser" timeout="">
<doc>Closes the current browser.</doc>
<arguments>
</arguments>
<status status="PASS" endtime="20130502 17:16:03.329" starttime="20130502 17:16:03.035"></status>
</kw>
<tags>
</tags>
<status status="PASS" endtime="20130502 17:16:03.329" critical="yes" starttime="20130502 17:15:55.328"></status>
</test>
<test id="s1-t5" timeout="" name="Search For A Word That Is Likely A Title But Not Author">
<doc></doc>
<kw type="setup" name="Selenium2Library.Open Browser" timeout="">
<doc>Opens a new browser instance to given URL.</doc>
<arguments>
<arg>http://127.0.0.1:8000/book/</arg>
<arg>${browser}</arg>
</arguments>
<msg timestamp="20130502 17:16:03.334" level="INFO">Opening browser 'firefox' to base url 'http://127.0.0.1:8000/book/'</msg>
<status status="PASS" endtime="20130502 17:16:09.199" starttime="20130502 17:16:03.333"></status>
</kw>
<kw type="kw" name="Search With Word" timeout="">
<doc></doc>
<arguments>
<arg>navigation</arg>
</arguments>
<kw type="kw" name="Selenium2Library.Go To" timeout="">
<doc>Navigates the active browser instance to the provided URL.</doc>
<arguments>
<arg>${baseUrl}/search</arg>
</arguments>
<msg timestamp="20130502 17:16:09.202" level="INFO">Opening url 'http://127.0.0.1:8000/book/search'</msg>
<status status="PASS" endtime="20130502 17:16:09.296" starttime="20130502 17:16:09.201"></status>
</kw>
<kw type="kw" name="Selenium2Library.Input Text" timeout="">
<doc>Types the given `text` into text field identified by `locator`.</doc>
<arguments>
<arg>id=q</arg>
<arg>${q}</arg>
</arguments>
<msg timestamp="20130502 17:16:09.297" level="INFO">Typing text 'navigation' into text field 'id=q'</msg>
<status status="PASS" endtime="20130502 17:16:09.451" starttime="20130502 17:16:09.297"></status>
</kw>
<kw type="kw" name="Selenium2Library.Click Button" timeout="">
<doc>Clicks a button identified by `locator`.</doc>
<arguments>
<arg>id=search</arg>
</arguments>
<msg timestamp="20130502 17:16:09.451" level="INFO">Clicking button 'id=search'.</msg>
<status status="PASS" endtime="20130502 17:16:10.163" starttime="20130502 17:16:09.451"></status>
</kw>
<status status="PASS" endtime="20130502 17:16:10.164" starttime="20130502 17:16:09.200"></status>
</kw>
<kw type="kw" name="Search Results Should Include" timeout="">
<doc></doc>
<arguments>
<arg>Night Navigation</arg>
<arg>9780547335971</arg>
</arguments>
<kw type="kw" name="Selenium2Library.Page Should Contain Element" timeout="">
<doc>Verifies element identified by `locator` is found on the current page.</doc>
<arguments>
<arg>id=isbn_${ISBN}</arg>
</arguments>
<msg timestamp="20130502 17:16:10.204" level="INFO">Current page contains element 'id=isbn_9780547335971'.</msg>
<status status="PASS" endtime="20130502 17:16:10.204" starttime="20130502 17:16:10.165"></status>
</kw>
<kw type="kw" name="Selenium2Library.Page Should Contain" timeout="">
<doc>Verifies that current page contains `text`.</doc>
<arguments>
<arg>${title}</arg>
</arguments>
<msg timestamp="20130502 17:16:10.251" level="INFO">Current page contains text 'Night Navigation'.</msg>
<status status="PASS" endtime="20130502 17:16:10.251" starttime="20130502 17:16:10.205"></status>
</kw>
<kw type="kw" name="${link} = Selenium2Library.Get Element Attribute" timeout="">
<doc>Return value of element attribute.</doc>
<arguments>
<arg>id=isbn_${ISBN}@href</arg>
</arguments>
<msg timestamp="20130502 17:16:10.316" level="INFO">${link} = http://127.0.0.1:8000/book/book/3/</msg>
<status status="PASS" endtime="20130502 17:16:10.316" starttime="20130502 17:16:10.252"></status>
</kw>
<status status="PASS" endtime="20130502 17:16:10.316" starttime="20130502 17:16:10.164"></status>
</kw>
<kw type="kw" name="Search Results Should Include" timeout="">
<doc></doc>
<arguments>
<arg>POINT TO POINT NAVIGATION</arg>
<arg>9780307275011</arg>
</arguments>
<kw type="kw" name="Selenium2Library.Page Should Contain Element" timeout="">
<doc>Verifies element identified by `locator` is found on the current page.</doc>
<arguments>
<arg>id=isbn_${ISBN}</arg>
</arguments>
<msg timestamp="20130502 17:16:10.332" level="INFO">Current page contains element 'id=isbn_9780307275011'.</msg>
<status status="PASS" endtime="20130502 17:16:10.333" starttime="20130502 17:16:10.318"></status>
</kw>
<kw type="kw" name="Selenium2Library.Page Should Contain" timeout="">
<doc>Verifies that current page contains `text`.</doc>
<arguments>
<arg>${title}</arg>
</arguments>
<msg timestamp="20130502 17:16:10.445" level="INFO">Current page contains text 'POINT TO POINT NAVIGATION'.</msg>
<status status="PASS" endtime="20130502 17:16:10.445" starttime="20130502 17:16:10.333"></status>
</kw>
<kw type="kw" name="${link} = Selenium2Library.Get Element Attribute" timeout="">
<doc>Return value of element attribute.</doc>
<arguments>
<arg>id=isbn_${ISBN}@href</arg>
</arguments>
<msg timestamp="20130502 17:16:10.521" level="INFO">${link} = http://127.0.0.1:8000/book/book/4/</msg>
<status status="PASS" endtime="20130502 17:16:10.520" starttime="20130502 17:16:10.445"></status>
</kw>
<status status="PASS" endtime="20130502 17:16:10.521" starttime="20130502 17:16:10.317"></status>
</kw>
<kw type="teardown" name="Selenium2Library.Close Browser" timeout="">
<doc>Closes the current browser.</doc>
<arguments>
</arguments>
<status status="PASS" endtime="20130502 17:16:10.616" starttime="20130502 17:16:10.522"></status>
</kw>
<tags>
</tags>
<status status="PASS" endtime="20130502 17:16:10.616" critical="yes" starttime="20130502 17:16:03.331"></status>
</test>
<test id="s1-t6" timeout="" name="Search For A Word That Is Likely An Author But Not Title">
<doc></doc>
<kw type="setup" name="Selenium2Library.Open Browser" timeout="">
<doc>Opens a new browser instance to given URL.</doc>
<arguments>
<arg>http://127.0.0.1:8000/book/</arg>
<arg>${browser}</arg>
</arguments>
<msg timestamp="20130502 17:16:10.619" level="INFO">Opening browser 'firefox' to base url 'http://127.0.0.1:8000/book/'</msg>
<status status="PASS" endtime="20130502 17:16:16.818" starttime="20130502 17:16:10.619"></status>
</kw>
<kw type="kw" name="Search With Word" timeout="">
<doc></doc>
<arguments>
<arg>Fowler</arg>
</arguments>
<kw type="kw" name="Selenium2Library.Go To" timeout="">
<doc>Navigates the active browser instance to the provided URL.</doc>
<arguments>
<arg>${baseUrl}/search</arg>
</arguments>
<msg timestamp="20130502 17:16:16.820" level="INFO">Opening url 'http://127.0.0.1:8000/book/search'</msg>
<status status="PASS" endtime="20130502 17:16:16.913" starttime="20130502 17:16:16.820"></status>
</kw>
<kw type="kw" name="Selenium2Library.Input Text" timeout="">
<doc>Types the given `text` into text field identified by `locator`.</doc>
<arguments>
<arg>id=q</arg>
<arg>${q}</arg>
</arguments>
<msg timestamp="20130502 17:16:16.913" level="INFO">Typing text 'Fowler' into text field 'id=q'</msg>
<status status="PASS" endtime="20130502 17:16:17.629" starttime="20130502 17:16:16.913"></status>
</kw>
<kw type="kw" name="Selenium2Library.Click Button" timeout="">
<doc>Clicks a button identified by `locator`.</doc>
<arguments>
<arg>id=search</arg>
</arguments>
<msg timestamp="20130502 17:16:17.630" level="INFO">Clicking button 'id=search'.</msg>
<status status="PASS" endtime="20130502 17:16:17.850" starttime="20130502 17:16:17.629"></status>
</kw>
<status status="PASS" endtime="20130502 17:16:17.850" starttime="20130502 17:16:16.819"></status>
</kw>
<kw type="kw" name="Search Results Should Include" timeout="">
<doc></doc>
<arguments>
<arg>Patterns of Enterprise Application Architecture</arg>
<arg>9780321127426</arg>
</arguments>
<kw type="kw" name="Selenium2Library.Page Should Contain Element" timeout="">
<doc>Verifies element identified by `locator` is found on the current page.</doc>
<arguments>
<arg>id=isbn_${ISBN}</arg>
</arguments>
<msg timestamp="20130502 17:16:17.916" level="INFO">Current page contains element 'id=isbn_9780321127426'.</msg>
<status status="PASS" endtime="20130502 17:16:17.917" starttime="20130502 17:16:17.852"></status>
</kw>
<kw type="kw" name="Selenium2Library.Page Should Contain" timeout="">
<doc>Verifies that current page contains `text`.</doc>
<arguments>
<arg>${title}</arg>
</arguments>
<msg timestamp="20130502 17:16:17.989" level="INFO">Current page contains text 'Patterns of Enterprise Application Architecture'.</msg>
<status status="PASS" endtime="20130502 17:16:17.989" starttime="20130502 17:16:17.917"></status>
</kw>
<kw type="kw" name="${link} = Selenium2Library.Get Element Attribute" timeout="">
<doc>Return value of element attribute.</doc>
<arguments>
<arg>id=isbn_${ISBN}@href</arg>
</arguments>
<msg timestamp="20130502 17:16:18.017" level="INFO">${link} = http://127.0.0.1:8000/book/book/5/</msg>
<status status="PASS" endtime="20130502 17:16:18.016" starttime="20130502 17:16:17.990"></status>
</kw>
<status status="PASS" endtime="20130502 17:16:18.017" starttime="20130502 17:16:17.851"></status>
</kw>
<kw type="kw" name="Search Results Should Include" timeout="">
<doc></doc>
<arguments>
<arg>Refactoring: Improving the Design of Existing Code</arg>
<arg>9780201485677</arg>
</arguments>
<kw type="kw" name="Selenium2Library.Page Should Contain Element" timeout="">
<doc>Verifies element identified by `locator` is found on the current page.</doc>
<arguments>
<arg>id=isbn_${ISBN}</arg>
</arguments>
<msg timestamp="20130502 17:16:18.034" level="INFO">Current page contains element 'id=isbn_9780201485677'.</msg>
<status status="PASS" endtime="20130502 17:16:18.034" starttime="20130502 17:16:18.018"></status>
</kw>
<kw type="kw" name="Selenium2Library.Page Should Contain" timeout="">
<doc>Verifies that current page contains `text`.</doc>
<arguments>
<arg>${title}</arg>
</arguments>
<msg timestamp="20130502 17:16:18.067" level="INFO">Current page contains text 'Refactoring: Improving the Design of Existing Code'.</msg>
<status status="PASS" endtime="20130502 17:16:18.068" starttime="20130502 17:16:18.034"></status>
</kw>
<kw type="kw" name="${link} = Selenium2Library.Get Element Attribute" timeout="">
<doc>Return value of element attribute.</doc>
<arguments>
<arg>id=isbn_${ISBN}@href</arg>
</arguments>
<msg timestamp="20130502 17:16:18.106" level="INFO">${link} = http://127.0.0.1:8000/book/book/6/</msg>
<status status="PASS" endtime="20130502 17:16:18.106" starttime="20130502 17:16:18.068"></status>
</kw>
<status status="PASS" endtime="20130502 17:16:18.107" starttime="20130502 17:16:18.018"></status>
</kw>
<kw type="teardown" name="Selenium2Library.Close Browser" timeout="">
<doc>Closes the current browser.</doc>
<arguments>
</arguments>
<status status="PASS" endtime="20130502 17:16:18.209" starttime="20130502 17:16:18.107"></status>
</kw>
<tags>
</tags>
<status status="PASS" endtime="20130502 17:16:18.210" critical="yes" starttime="20130502 17:16:10.618"></status>
</test>
<test id="s1-t7" timeout="" name="Search For A Word That Is Likely An Author And A Title">
<doc></doc>
<kw type="setup" name="Selenium2Library.Open Browser" timeout="">
<doc>Opens a new browser instance to given URL.</doc>
<arguments>
<arg>http://127.0.0.1:8000/book/</arg>
<arg>${browser}</arg>
</arguments>
<msg timestamp="20130502 17:16:18.213" level="INFO">Opening browser 'firefox' to base url 'http://127.0.0.1:8000/book/'</msg>
<status status="PASS" endtime="20130502 17:16:24.263" starttime="20130502 17:16:18.212"></status>
</kw>
<kw type="kw" name="Search With Word" timeout="">
<doc></doc>
<arguments>
<arg>brown</arg>
</arguments>
<kw type="kw" name="Selenium2Library.Go To" timeout="">
<doc>Navigates the active browser instance to the provided URL.</doc>
<arguments>
<arg>${baseUrl}/search</arg>
</arguments>
<msg timestamp="20130502 17:16:24.266" level="INFO">Opening url 'http://127.0.0.1:8000/book/search'</msg>
<status status="PASS" endtime="20130502 17:16:24.352" starttime="20130502 17:16:24.265"></status>
</kw>
<kw type="kw" name="Selenium2Library.Input Text" timeout="">
<doc>Types the given `text` into text field identified by `locator`.</doc>
<arguments>
<arg>id=q</arg>
<arg>${q}</arg>
</arguments>
<msg timestamp="20130502 17:16:24.353" level="INFO">Typing text 'brown' into text field 'id=q'</msg>
<status status="PASS" endtime="20130502 17:16:24.474" starttime="20130502 17:16:24.352"></status>
</kw>
<kw type="kw" name="Selenium2Library.Click Button" timeout="">
<doc>Clicks a button identified by `locator`.</doc>
<arguments>
<arg>id=search</arg>
</arguments>
<msg timestamp="20130502 17:16:24.475" level="INFO">Clicking button 'id=search'.</msg>
<status status="PASS" endtime="20130502 17:16:25.164" starttime="20130502 17:16:24.474"></status>
</kw>
<status status="PASS" endtime="20130502 17:16:25.164" starttime="20130502 17:16:24.264"></status>
</kw>
<kw type="kw" name="Search Results Should Include" timeout="">
<doc></doc>
<arguments>
<arg>Inferno: A Novel (Robert Langdon)</arg>
<arg>9780385537858</arg>
</arguments>
<kw type="kw" name="Selenium2Library.Page Should Contain Element" timeout="">
<doc>Verifies element identified by `locator` is found on the current page.</doc>
<arguments>
<arg>id=isbn_${ISBN}</arg>
</arguments>
<msg timestamp="20130502 17:16:25.197" level="INFO">Current page contains element 'id=isbn_9780385537858'.</msg>
<status status="PASS" endtime="20130502 17:16:25.197" starttime="20130502 17:16:25.166"></status>
</kw>
<kw type="kw" name="Selenium2Library.Page Should Contain" timeout="">
<doc>Verifies that current page contains `text`.</doc>
<arguments>
<arg>${title}</arg>
</arguments>
<msg timestamp="20130502 17:16:25.247" level="INFO">Current page contains text 'Inferno: A Novel (Robert Langdon)'.</msg>
<status status="PASS" endtime="20130502 17:16:25.247" starttime="20130502 17:16:25.197"></status>
</kw>
<kw type="kw" name="${link} = Selenium2Library.Get Element Attribute" timeout="">
<doc>Return value of element attribute.</doc>
<arguments>
<arg>id=isbn_${ISBN}@href</arg>
</arguments>
<msg timestamp="20130502 17:16:25.327" level="INFO">${link} = http://127.0.0.1:8000/book/book/2/</msg>
<status status="PASS" endtime="20130502 17:16:25.327" starttime="20130502 17:16:25.247"></status>
</kw>
<status status="PASS" endtime="20130502 17:16:25.328" starttime="20130502 17:16:25.165"></status>
</kw>
<kw type="kw" name="Search Results Should Include" timeout="">
<doc></doc>
<arguments>
<arg>Brown Bear, Brown Bear, What Do You See? My First Reader</arg>
<arg>9780805092448</arg>
</arguments>
<kw type="kw" name="Selenium2Library.Page Should Contain Element" timeout="">
<doc>Verifies element identified by `locator` is found on the current page.</doc>
<arguments>
<arg>id=isbn_${ISBN}</arg>
</arguments>
<msg timestamp="20130502 17:16:25.355" level="INFO">Current page contains element 'id=isbn_9780805092448'.</msg>
<status status="PASS" endtime="20130502 17:16:25.355" starttime="20130502 17:16:25.329"></status>
</kw>
<kw type="kw" name="Selenium2Library.Page Should Contain" timeout="">
<doc>Verifies that current page contains `text`.</doc>
<arguments>
<arg>${title}</arg>
</arguments>
<msg timestamp="20130502 17:16:25.439" level="INFO">Current page contains text 'Brown Bear, Brown Bear, What Do You See? My First Reader'.</msg>
<status status="PASS" endtime="20130502 17:16:25.439" starttime="20130502 17:16:25.355"></status>
</kw>
<kw type="kw" name="${link} = Selenium2Library.Get Element Attribute" timeout="">
<doc>Return value of element attribute.</doc>
<arguments>
<arg>id=isbn_${ISBN}@href</arg>
</arguments>
<msg timestamp="20130502 17:16:25.516" level="INFO">${link} = http://127.0.0.1:8000/book/book/7/</msg>
<status status="PASS" endtime="20130502 17:16:25.516" starttime="20130502 17:16:25.440"></status>
</kw>
<status status="PASS" endtime="20130502 17:16:25.517" starttime="20130502 17:16:25.329"></status>
</kw>
<kw type="teardown" name="Selenium2Library.Close Browser" timeout="">
<doc>Closes the current browser.</doc>
<arguments>
</arguments>
<status status="PASS" endtime="20130502 17:16:25.621" starttime="20130502 17:16:25.518"></status>
</kw>
<tags>
</tags>
<status status="PASS" endtime="20130502 17:16:25.621" critical="yes" starttime="20130502 17:16:18.211"></status>
</test>
<test id="s1-t8" timeout="" name="Search For ISBN Number">
<doc>Precondition: refered test data are already in database.</doc>
<kw type="setup" name="Selenium2Library.Open Browser" timeout="">
<doc>Opens a new browser instance to given URL.</doc>
<arguments>
<arg>http://127.0.0.1:8000/book/</arg>
<arg>${browser}</arg>
</arguments>
<msg timestamp="20130502 17:16:25.624" level="INFO">Opening browser 'firefox' to base url 'http://127.0.0.1:8000/book/'</msg>
<status status="PASS" endtime="20130502 17:16:31.938" starttime="20130502 17:16:25.624"></status>
</kw>
<kw type="kw" name="Search With Word" timeout="">
<doc></doc>
<arguments>
<arg>9780385537858</arg>
</arguments>
<kw type="kw" name="Selenium2Library.Go To" timeout="">
<doc>Navigates the active browser instance to the provided URL.</doc>
<arguments>
<arg>${baseUrl}/search</arg>
</arguments>
<msg timestamp="20130502 17:16:31.941" level="INFO">Opening url 'http://127.0.0.1:8000/book/search'</msg>
<status status="PASS" endtime="20130502 17:16:32.031" starttime="20130502 17:16:31.940"></status>
</kw>
<kw type="kw" name="Selenium2Library.Input Text" timeout="">
<doc>Types the given `text` into text field identified by `locator`.</doc>
<arguments>
<arg>id=q</arg>
<arg>${q}</arg>
</arguments>
<msg timestamp="20130502 17:16:32.032" level="INFO">Typing text '9780385537858' into text field 'id=q'</msg>
<status status="PASS" endtime="20130502 17:16:32.194" starttime="20130502 17:16:32.031"></status>
</kw>
<kw type="kw" name="Selenium2Library.Click Button" timeout="">
<doc>Clicks a button identified by `locator`.</doc>
<arguments>
<arg>id=search</arg>
</arguments>
<msg timestamp="20130502 17:16:32.195" level="INFO">Clicking button 'id=search'.</msg>
<status status="PASS" endtime="20130502 17:16:32.885" starttime="20130502 17:16:32.194"></status>
</kw>
<status status="PASS" endtime="20130502 17:16:32.886" starttime="20130502 17:16:31.939"></status>
</kw>
<kw type="kw" name="Search Results Should Include" timeout="">
<doc></doc>
<arguments>
<arg>Inferno: A Novel (Robert Langdon)</arg>
<arg>9780385537858</arg>
</arguments>
<kw type="kw" name="Selenium2Library.Page Should Contain Element" timeout="">
<doc>Verifies element identified by `locator` is found on the current page.</doc>
<arguments>
<arg>id=isbn_${ISBN}</arg>
</arguments>
<msg timestamp="20130502 17:16:32.916" level="INFO">Current page contains element 'id=isbn_9780385537858'.</msg>
<status status="PASS" endtime="20130502 17:16:32.916" starttime="20130502 17:16:32.887"></status>
</kw>
<kw type="kw" name="Selenium2Library.Page Should Contain" timeout="">
<doc>Verifies that current page contains `text`.</doc>
<arguments>
<arg>${title}</arg>
</arguments>
<msg timestamp="20130502 17:16:33.049" level="INFO">Current page contains text 'Inferno: A Novel (Robert Langdon)'.</msg>
<status status="PASS" endtime="20130502 17:16:33.049" starttime="20130502 17:16:32.917"></status>
</kw>
<kw type="kw" name="${link} = Selenium2Library.Get Element Attribute" timeout="">
<doc>Return value of element attribute.</doc>
<arguments>
<arg>id=isbn_${ISBN}@href</arg>
</arguments>
<msg timestamp="20130502 17:16:33.147" level="INFO">${link} = http://127.0.0.1:8000/book/book/2/</msg>
<status status="PASS" endtime="20130502 17:16:33.147" starttime="20130502 17:16:33.050"></status>
</kw>
<status status="PASS" endtime="20130502 17:16:33.147" starttime="20130502 17:16:32.886"></status>
</kw>
<kw type="kw" name="Verify Book Detail" timeout="">
<doc></doc>
<arguments>
<arg>Inferno: A Novel (Robert Langdon)</arg>
<arg>9780385537858</arg>
<arg>Out-of-Stock</arg>
</arguments>
<kw type="kw" name="Selenium2Library.Click Link" timeout="">
<doc>Clicks a link identified by locator.</doc>
<arguments>
<arg>id=isbn_${ISBN}</arg>
</arguments>
<msg timestamp="20130502 17:16:33.150" level="INFO">Clicking link 'id=isbn_9780385537858'.</msg>
<status status="PASS" endtime="20130502 17:16:33.416" starttime="20130502 17:16:33.149"></status>
</kw>
<kw type="kw" name="Selenium2Library.Page Should Contain" timeout="">
<doc>Verifies that current page contains `text`.</doc>
<arguments>
<arg>${title}</arg>
</arguments>
<msg timestamp="20130502 17:16:33.580" level="INFO">Current page contains text 'Inferno: A Novel (Robert Langdon)'.</msg>
<status status="PASS" endtime="20130502 17:16:33.580" starttime="20130502 17:16:33.417"></status>
</kw>
<kw type="kw" name="Selenium2Library.Page Should Contain" timeout="">
<doc>Verifies that current page contains `text`.</doc>
<arguments>
<arg>${ISBN}</arg>
</arguments>
<msg timestamp="20130502 17:16:33.613" level="INFO">Current page contains text '9780385537858'.</msg>
<status status="PASS" endtime="20130502 17:16:33.614" starttime="20130502 17:16:33.580"></status>
</kw>
<kw type="kw" name="Selenium2Library.Page Should Contain" timeout="">
<doc>Verifies that current page contains `text`.</doc>
<arguments>
<arg>${stock_state}</arg>
</arguments>
<msg timestamp="20130502 17:16:33.642" level="INFO">Current page contains text 'Out-of-Stock'.</msg>
<status status="PASS" endtime="20130502 17:16:33.642" starttime="20130502 17:16:33.614"></status>
</kw>
<status status="PASS" endtime="20130502 17:16:33.642" starttime="20130502 17:16:33.148"></status>
</kw>
<kw type="teardown" name="Selenium2Library.Close Browser" timeout="">
<doc>Closes the current browser.</doc>
<arguments>
</arguments>
<status status="PASS" endtime="20130502 17:16:33.748" starttime="20130502 17:16:33.643"></status>
</kw>
<tags>
</tags>
<status status="PASS" endtime="20130502 17:16:33.748" critical="yes" starttime="20130502 17:16:25.622"></status>
</test>
<test id="s1-t9" timeout="" name="Pick An Out-of-stock Book Into The Cart">
<doc>Precondition: refered test data are already in database.</doc>
<kw type="setup" name="Selenium2Library.Open Browser" timeout="">
<doc>Opens a new browser instance to given URL.</doc>
<arguments>
<arg>http://127.0.0.1:8000/book/</arg>
<arg>${browser}</arg>
</arguments>
<msg timestamp="20130502 17:16:33.752" level="INFO">Opening browser 'firefox' to base url 'http://127.0.0.1:8000/book/'</msg>
<status status="PASS" endtime="20130502 17:16:39.617" starttime="20130502 17:16:33.751"></status>
</kw>
<kw type="kw" name="Search With Word" timeout="">
<doc></doc>
<arguments>
<arg>9780385537858</arg>
</arguments>
<kw type="kw" name="Selenium2Library.Go To" timeout="">
<doc>Navigates the active browser instance to the provided URL.</doc>
<arguments>
<arg>${baseUrl}/search</arg>
</arguments>
<msg timestamp="20130502 17:16:39.619" level="INFO">Opening url 'http://127.0.0.1:8000/book/search'</msg>
<status status="PASS" endtime="20130502 17:16:39.708" starttime="20130502 17:16:39.618"></status>
</kw>
<kw type="kw" name="Selenium2Library.Input Text" timeout="">
<doc>Types the given `text` into text field identified by `locator`.</doc>
<arguments>
<arg>id=q</arg>
<arg>${q}</arg>
</arguments>
<msg timestamp="20130502 17:16:39.709" level="INFO">Typing text '9780385537858' into text field 'id=q'</msg>
<status status="PASS" endtime="20130502 17:16:39.878" starttime="20130502 17:16:39.709"></status>
</kw>
<kw type="kw" name="Selenium2Library.Click Button" timeout="">
<doc>Clicks a button identified by `locator`.</doc>
<arguments>
<arg>id=search</arg>
</arguments>
<msg timestamp="20130502 17:16:39.879" level="INFO">Clicking button 'id=search'.</msg>
<status status="PASS" endtime="20130502 17:16:40.642" starttime="20130502 17:16:39.879"></status>
</kw>
<status status="PASS" endtime="20130502 17:16:40.643" starttime="20130502 17:16:39.617"></status>
</kw>
<kw type="kw" name="${link} = Search Results Should Include" timeout="">
<doc></doc>
<arguments>
<arg>Inferno: A Novel (Robert Langdon)</arg>
<arg>9780385537858</arg>
</arguments>
<kw type="kw" name="Selenium2Library.Page Should Contain Element" timeout="">
<doc>Verifies element identified by `locator` is found on the current page.</doc>
<arguments>
<arg>id=isbn_${ISBN}</arg>
</arguments>
<msg timestamp="20130502 17:16:40.699" level="INFO">Current page contains element 'id=isbn_9780385537858'.</msg>
<status status="PASS" endtime="20130502 17:16:40.699" starttime="20130502 17:16:40.645"></status>
</kw>
<kw type="kw" name="Selenium2Library.Page Should Contain" timeout="">
<doc>Verifies that current page contains `text`.</doc>
<arguments>
<arg>${title}</arg>
</arguments>
<msg timestamp="20130502 17:16:40.732" level="INFO">Current page contains text 'Inferno: A Novel (Robert Langdon)'.</msg>
<status status="PASS" endtime="20130502 17:16:40.733" starttime="20130502 17:16:40.700"></status>
</kw>
<kw type="kw" name="${link} = Selenium2Library.Get Element Attribute" timeout="">
<doc>Return value of element attribute.</doc>
<arguments>
<arg>id=isbn_${ISBN}@href</arg>
</arguments>
<msg timestamp="20130502 17:16:40.760" level="INFO">${link} = http://127.0.0.1:8000/book/book/2/</msg>
<status status="PASS" endtime="20130502 17:16:40.760" starttime="20130502 17:16:40.733"></status>
</kw>
<msg timestamp="20130502 17:16:40.761" level="INFO">${link} = http://127.0.0.1:8000/book/book/2/</msg>
<status status="PASS" endtime="20130502 17:16:40.761" starttime="20130502 17:16:40.644"></status>
</kw>
<kw type="kw" name="Verify Book Detail" timeout="">
<doc></doc>
<arguments>
<arg>Inferno: A Novel (Robert Langdon)</arg>
<arg>9780385537858</arg>
<arg>Out-of-Stock</arg>
</arguments>
<kw type="kw" name="Selenium2Library.Click Link" timeout="">
<doc>Clicks a link identified by locator.</doc>
<arguments>
<arg>id=isbn_${ISBN}</arg>
</arguments>
<msg timestamp="20130502 17:16:40.764" level="INFO">Clicking link 'id=isbn_9780385537858'.</msg>
<status status="PASS" endtime="20130502 17:16:40.966" starttime="20130502 17:16:40.763"></status>
</kw>
<kw type="kw" name="Selenium2Library.Page Should Contain" timeout="">
<doc>Verifies that current page contains `text`.</doc>
<arguments>
<arg>${title}</arg>
</arguments>
<msg timestamp="20130502 17:16:41.038" level="INFO">Current page contains text 'Inferno: A Novel (Robert Langdon)'.</msg>
<status status="PASS" endtime="20130502 17:16:41.038" starttime="20130502 17:16:40.967"></status>
</kw>
<kw type="kw" name="Selenium2Library.Page Should Contain" timeout="">
<doc>Verifies that current page contains `text`.</doc>
<arguments>
<arg>${ISBN}</arg>
</arguments>
<msg timestamp="20130502 17:16:41.065" level="INFO">Current page contains text '9780385537858'.</msg>
<status status="PASS" endtime="20130502 17:16:41.065" starttime="20130502 17:16:41.038"></status>
</kw>
<kw type="kw" name="Selenium2Library.Page Should Contain" timeout="">
<doc>Verifies that current page contains `text`.</doc>
<arguments>
<arg>${stock_state}</arg>
</arguments>
<msg timestamp="20130502 17:16:41.091" level="INFO">Current page contains text 'Out-of-Stock'.</msg>
<status status="PASS" endtime="20130502 17:16:41.092" starttime="20130502 17:16:41.065"></status>
</kw>
<status status="PASS" endtime="20130502 17:16:41.092" starttime="20130502 17:16:40.762"></status>
</kw>
<kw type="kw" name="Add Book to Cart" timeout="">
<doc></doc>
<arguments>
<arg>${link}</arg>
</arguments>
<kw type="kw" name="Selenium2Library.Go To" timeout="">
<doc>Navigates the active browser instance to the provided URL.</doc>
<arguments>
<arg>${link}</arg>
</arguments>
<msg timestamp="20130502 17:16:41.094" level="INFO">Opening url 'http://127.0.0.1:8000/book/book/2/'</msg>
<status status="PASS" endtime="20130502 17:16:41.139" starttime="20130502 17:16:41.093"></status>
</kw>
<kw type="kw" name="Selenium2Library.Wait Until Page Contains Element" timeout="">
<doc>Waits until element specified with `locator` appears on current page.</doc>
<arguments>
<arg>id=btnAddToCart</arg>
</arguments>
<status status="PASS" endtime="20130502 17:16:41.159" starttime="20130502 17:16:41.140"></status>
</kw>
<kw type="kw" name="Selenium2Library.Click Element" timeout="">
<doc>Click element identified by `locator`.</doc>
<arguments>
<arg>id=btnAddToCart</arg>
</arguments>
<msg timestamp="20130502 17:16:41.160" level="INFO">Clicking element 'id=btnAddToCart'.</msg>
<status status="PASS" endtime="20130502 17:16:41.301" starttime="20130502 17:16:41.160"></status>
</kw>
<status status="PASS" endtime="20130502 17:16:41.302" starttime="20130502 17:16:41.092"></status>
</kw>
<kw type="kw" name="Selenium2Library.Page Should Contain" timeout="">
<doc>Verifies that current page contains `text`.</doc>
<arguments>
<arg>The book will be shipped when it becomes available.</arg>
</arguments>
<msg timestamp="20130502 17:16:41.357" level="INFO">Current page contains text 'The book will be shipped when it becomes available.'.</msg>
<status status="PASS" endtime="20130502 17:16:41.357" starttime="20130502 17:16:41.303"></status>
</kw>
<kw type="teardown" name="Selenium2Library.Close Browser" timeout="">
<doc>Closes the current browser.</doc>
<arguments>
</arguments>
<status status="PASS" endtime="20130502 17:16:41.456" starttime="20130502 17:16:41.358"></status>
</kw>
<tags>
</tags>
<status status="PASS" endtime="20130502 17:16:41.457" critical="yes" starttime="20130502 17:16:33.750"></status>
</test>
<test id="s1-t10" timeout="" name="Pick An In-stock Book Into The Cart">
<doc>Precondition: refered test data are already in database.</doc>
<kw type="setup" name="Selenium2Library.Open Browser" timeout="">
<doc>Opens a new browser instance to given URL.</doc>
<arguments>
<arg>http://127.0.0.1:8000/book/</arg>
<arg>${browser}</arg>
</arguments>
<msg timestamp="20130502 17:16:41.460" level="INFO">Opening browser 'firefox' to base url 'http://127.0.0.1:8000/book/'</msg>
<status status="PASS" endtime="20130502 17:16:47.583" starttime="20130502 17:16:41.460"></status>
</kw>
<kw type="kw" name="Search With Word" timeout="">
<doc></doc>
<arguments>
<arg>9780201485677</arg>
</arguments>
<kw type="kw" name="Selenium2Library.Go To" timeout="">
<doc>Navigates the active browser instance to the provided URL.</doc>
<arguments>
<arg>${baseUrl}/search</arg>
</arguments>
<msg timestamp="20130502 17:16:47.585" level="INFO">Opening url 'http://127.0.0.1:8000/book/search'</msg>
<status status="PASS" endtime="20130502 17:16:47.676" starttime="20130502 17:16:47.584"></status>
</kw>
<kw type="kw" name="Selenium2Library.Input Text" timeout="">
<doc>Types the given `text` into text field identified by `locator`.</doc>
<arguments>
<arg>id=q</arg>
<arg>${q}</arg>
</arguments>
<msg timestamp="20130502 17:16:47.677" level="INFO">Typing text '9780201485677' into text field 'id=q'</msg>
<status status="PASS" endtime="20130502 17:16:47.842" starttime="20130502 17:16:47.676"></status>
</kw>
<kw type="kw" name="Selenium2Library.Click Button" timeout="">
<doc>Clicks a button identified by `locator`.</doc>
<arguments>
<arg>id=search</arg>
</arguments>
<msg timestamp="20130502 17:16:47.842" level="INFO">Clicking button 'id=search'.</msg>
<status status="PASS" endtime="20130502 17:16:48.548" starttime="20130502 17:16:47.842"></status>
</kw>
<status status="PASS" endtime="20130502 17:16:48.548" starttime="20130502 17:16:47.584"></status>
</kw>
<kw type="kw" name="${link} = Search Results Should Include" timeout="">
<doc></doc>
<arguments>
<arg>Refactoring: Improving the Design of Existing Code</arg>
<arg>9780201485677</arg>
</arguments>
<kw type="kw" name="Selenium2Library.Page Should Contain Element" timeout="">
<doc>Verifies element identified by `locator` is found on the current page.</doc>
<arguments>
<arg>id=isbn_${ISBN}</arg>
</arguments>
<msg timestamp="20130502 17:16:48.589" level="INFO">Current page contains element 'id=isbn_9780201485677'.</msg>
<status status="PASS" endtime="20130502 17:16:48.589" starttime="20130502 17:16:48.551"></status>
</kw>
<kw type="kw" name="Selenium2Library.Page Should Contain" timeout="">
<doc>Verifies that current page contains `text`.</doc>
<arguments>
<arg>${title}</arg>
</arguments>
<msg timestamp="20130502 17:16:48.708" level="INFO">Current page contains text 'Refactoring: Improving the Design of Existing Code'.</msg>
<status status="PASS" endtime="20130502 17:16:48.709" starttime="20130502 17:16:48.590"></status>
</kw>
<kw type="kw" name="${link} = Selenium2Library.Get Element Attribute" timeout="">
<doc>Return value of element attribute.</doc>
<arguments>
<arg>id=isbn_${ISBN}@href</arg>
</arguments>
<msg timestamp="20130502 17:16:48.739" level="INFO">${link} = http://127.0.0.1:8000/book/book/6/</msg>
<status status="PASS" endtime="20130502 17:16:48.739" starttime="20130502 17:16:48.709"></status>
</kw>
<msg timestamp="20130502 17:16:48.740" level="INFO">${link} = http://127.0.0.1:8000/book/book/6/</msg>
<status status="PASS" endtime="20130502 17:16:48.740" starttime="20130502 17:16:48.550"></status>
</kw>
<kw type="kw" name="Verify Book Detail" timeout="">
<doc></doc>
<arguments>
<arg>Refactoring: Improving the Design of Existing Code</arg>
<arg>9780201485677</arg>
<arg>In-Stock</arg>
</arguments>
<kw type="kw" name="Selenium2Library.Click Link" timeout="">
<doc>Clicks a link identified by locator.</doc>
<arguments>
<arg>id=isbn_${ISBN}</arg>
</arguments>
<msg timestamp="20130502 17:16:48.742" level="INFO">Clicking link 'id=isbn_9780201485677'.</msg>
<status status="PASS" endtime="20130502 17:16:48.915" starttime="20130502 17:16:48.742"></status>
</kw>
<kw type="kw" name="Selenium2Library.Page Should Contain" timeout="">
<doc>Verifies that current page contains `text`.</doc>
<arguments>
<arg>${title}</arg>
</arguments>
<msg timestamp="20130502 17:16:48.991" level="INFO">Current page contains text 'Refactoring: Improving the Design of Existing Code'.</msg>
<status status="PASS" endtime="20130502 17:16:48.991" starttime="20130502 17:16:48.916"></status>
</kw>
<kw type="kw" name="Selenium2Library.Page Should Contain" timeout="">
<doc>Verifies that current page contains `text`.</doc>
<arguments>
<arg>${ISBN}</arg>
</arguments>
<msg timestamp="20130502 17:16:49.019" level="INFO">Current page contains text '9780201485677'.</msg>
<status status="PASS" endtime="20130502 17:16:49.019" starttime="20130502 17:16:48.992"></status>
</kw>
<kw type="kw" name="Selenium2Library.Page Should Contain" timeout="">
<doc>Verifies that current page contains `text`.</doc>
<arguments>
<arg>${stock_state}</arg>
</arguments>
<msg timestamp="20130502 17:16:49.047" level="INFO">Current page contains text 'In-Stock'.</msg>
<status status="PASS" endtime="20130502 17:16:49.047" starttime="20130502 17:16:49.020"></status>
</kw>
<status status="PASS" endtime="20130502 17:16:49.048" starttime="20130502 17:16:48.741"></status>
</kw>
<kw type="kw" name="Add Book to Cart" timeout="">
<doc></doc>
<arguments>
<arg>${link}</arg>
</arguments>
<kw type="kw" name="Selenium2Library.Go To" timeout="">
<doc>Navigates the active browser instance to the provided URL.</doc>
<arguments>
<arg>${link}</arg>
</arguments>
<msg timestamp="20130502 17:16:49.050" level="INFO">Opening url 'http://127.0.0.1:8000/book/book/6/'</msg>
<status status="PASS" endtime="20130502 17:16:49.096" starttime="20130502 17:16:49.049"></status>
</kw>
<kw type="kw" name="Selenium2Library.Wait Until Page Contains Element" timeout="">
<doc>Waits until element specified with `locator` appears on current page.</doc>
<arguments>
<arg>id=btnAddToCart</arg>
</arguments>
<status status="PASS" endtime="20130502 17:16:49.120" starttime="20130502 17:16:49.097"></status>
</kw>
<kw type="kw" name="Selenium2Library.Click Element" timeout="">
<doc>Click element identified by `locator`.</doc>
<arguments>
<arg>id=btnAddToCart</arg>
</arguments>
<msg timestamp="20130502 17:16:49.121" level="INFO">Clicking element 'id=btnAddToCart'.</msg>
<status status="PASS" endtime="20130502 17:16:49.318" starttime="20130502 17:16:49.120"></status>
</kw>
<status status="PASS" endtime="20130502 17:16:49.318" starttime="20130502 17:16:49.049"></status>
</kw>
<kw type="kw" name="Verify Quantity In Cart" timeout="">
<doc></doc>
<arguments>
<arg>Refactoring: Improving the Design of Existing Code</arg>
<arg>1</arg>
</arguments>
<kw type="kw" name="Selenium2Library.Go To" timeout="">
<doc>Navigates the active browser instance to the provided URL.</doc>
<arguments>
<arg>${baseUrl}/cart/</arg>
</arguments>
<msg timestamp="20130502 17:16:49.320" level="INFO">Opening url 'http://127.0.0.1:8000/book/cart/'</msg>
<status status="PASS" endtime="20130502 17:16:49.617" starttime="20130502 17:16:49.319"></status>
</kw>
<kw type="kw" name="Selenium2Library.Page Should Contain" timeout="">
<doc>Verifies that current page contains `text`.</doc>
<arguments>
<arg>${title}</arg>
</arguments>
<msg timestamp="20130502 17:16:49.660" level="INFO">Current page contains text 'Refactoring: Improving the Design of Existing Code'.</msg>
<status status="PASS" endtime="20130502 17:16:49.660" starttime="20130502 17:16:49.617"></status>
</kw>
<kw type="kw" name="${fetched_qty} = Selenium2Library.Get Value" timeout="">
<doc>Returns the value attribute of element identified by `locator`.</doc>
<arguments>
<arg>id=qty</arg>
</arguments>
<msg timestamp="20130502 17:16:49.689" level="INFO">${fetched_qty} = 1</msg>
<status status="PASS" endtime="20130502 17:16:49.689" starttime="20130502 17:16:49.661"></status>
</kw>
<kw type="kw" name="BuiltIn.Should Be Equal" timeout="">
<doc>Fails if the given objects are unequal.</doc>
<arguments>
<arg>${fetched_qty}</arg>
<arg>${qty}</arg>
</arguments>
<msg timestamp="20130502 17:16:49.690" level="INFO">Argument types are:
&lt;type 'unicode'&gt;
&lt;type 'unicode'&gt;</msg>
<status status="PASS" endtime="20130502 17:16:49.690" starttime="20130502 17:16:49.689"></status>
</kw>
<status status="PASS" endtime="20130502 17:16:49.690" starttime="20130502 17:16:49.319"></status>
</kw>
<kw type="teardown" name="Selenium2Library.Close Browser" timeout="">
<doc>Closes the current browser.</doc>
<arguments>
</arguments>
<status status="PASS" endtime="20130502 17:16:49.789" starttime="20130502 17:16:49.691"></status>
</kw>
<tags>
</tags>
<status status="PASS" endtime="20130502 17:16:49.790" critical="yes" starttime="20130502 17:16:41.458"></status>
</test>
<test id="s1-t11" timeout="" name="Pick A Second Book Into The Cart">
<doc>Precondition: refered test data are already in database.</doc>
<kw type="setup" name="Selenium2Library.Open Browser" timeout="">
<doc>Opens a new browser instance to given URL.</doc>
<arguments>
<arg>http://127.0.0.1:8000/book/</arg>
<arg>${browser}</arg>
</arguments>
<msg timestamp="20130502 17:16:49.794" level="INFO">Opening browser 'firefox' to base url 'http://127.0.0.1:8000/book/'</msg>
<status status="PASS" endtime="20130502 17:16:55.868" starttime="20130502 17:16:49.793"></status>
</kw>
<kw type="kw" name="Search With Word" timeout="">
<doc></doc>
<arguments>
<arg>9780201485677</arg>
</arguments>
<kw type="kw" name="Selenium2Library.Go To" timeout="">
<doc>Navigates the active browser instance to the provided URL.</doc>
<arguments>
<arg>${baseUrl}/search</arg>
</arguments>
<msg timestamp="20130502 17:16:55.871" level="INFO">Opening url 'http://127.0.0.1:8000/book/search'</msg>
<status status="PASS" endtime="20130502 17:16:55.959" starttime="20130502 17:16:55.870"></status>
</kw>
<kw type="kw" name="Selenium2Library.Input Text" timeout="">
<doc>Types the given `text` into text field identified by `locator`.</doc>
<arguments>
<arg>id=q</arg>
<arg>${q}</arg>
</arguments>
<msg timestamp="20130502 17:16:55.960" level="INFO">Typing text '9780201485677' into text field 'id=q'</msg>
<status status="PASS" endtime="20130502 17:16:56.135" starttime="20130502 17:16:55.959"></status>
</kw>
<kw type="kw" name="Selenium2Library.Click Button" timeout="">
<doc>Clicks a button identified by `locator`.</doc>
<arguments>
<arg>id=search</arg>
</arguments>
<msg timestamp="20130502 17:16:56.136" level="INFO">Clicking button 'id=search'.</msg>
<status status="PASS" endtime="20130502 17:16:56.779" starttime="20130502 17:16:56.135"></status>
</kw>
<status status="PASS" endtime="20130502 17:16:56.780" starttime="20130502 17:16:55.869"></status>
</kw>
<kw type="kw" name="${link} = Search Results Should Include" timeout="">
<doc></doc>
<arguments>
<arg>Refactoring: Improving the Design of Existing Code</arg>
<arg>9780201485677</arg>
</arguments>
<kw type="kw" name="Selenium2Library.Page Should Contain Element" timeout="">
<doc>Verifies element identified by `locator` is found on the current page.</doc>
<arguments>
<arg>id=isbn_${ISBN}</arg>
</arguments>
<msg timestamp="20130502 17:16:56.814" level="INFO">Current page contains element 'id=isbn_9780201485677'.</msg>
<status status="PASS" endtime="20130502 17:16:56.814" starttime="20130502 17:16:56.781"></status>
</kw>
<kw type="kw" name="Selenium2Library.Page Should Contain" timeout="">
<doc>Verifies that current page contains `text`.</doc>
<arguments>
<arg>${title}</arg>
</arguments>
<msg timestamp="20130502 17:16:56.875" level="INFO">Current page contains text 'Refactoring: Improving the Design of Existing Code'.</msg>
<status status="PASS" endtime="20130502 17:16:56.875" starttime="20130502 17:16:56.814"></status>
</kw>
<kw type="kw" name="${link} = Selenium2Library.Get Element Attribute" timeout="">
<doc>Return value of element attribute.</doc>
<arguments>
<arg>id=isbn_${ISBN}@href</arg>
</arguments>
<msg timestamp="20130502 17:16:56.949" level="INFO">${link} = http://127.0.0.1:8000/book/book/6/</msg>
<status status="PASS" endtime="20130502 17:16:56.949" starttime="20130502 17:16:56.876"></status>
</kw>
<msg timestamp="20130502 17:16:56.950" level="INFO">${link} = http://127.0.0.1:8000/book/book/6/</msg>
<status status="PASS" endtime="20130502 17:16:56.950" starttime="20130502 17:16:56.780"></status>
</kw>
<kw type="kw" name="Verify Book Detail" timeout="">
<doc></doc>
<arguments>
<arg>Refactoring: Improving the Design of Existing Code</arg>
<arg>9780201485677</arg>
<arg>In-Stock</arg>
</arguments>
<kw type="kw" name="Selenium2Library.Click Link" timeout="">
<doc>Clicks a link identified by locator.</doc>
<arguments>
<arg>id=isbn_${ISBN}</arg>
</arguments>
<msg timestamp="20130502 17:16:56.952" level="INFO">Clicking link 'id=isbn_9780201485677'.</msg>
<status status="PASS" endtime="20130502 17:16:57.346" starttime="20130502 17:16:56.951"></status>
</kw>
<kw type="kw" name="Selenium2Library.Page Should Contain" timeout="">
<doc>Verifies that current page contains `text`.</doc>
<arguments>
<arg>${title}</arg>
</arguments>
<msg timestamp="20130502 17:16:57.409" level="INFO">Current page contains text 'Refactoring: Improving the Design of Existing Code'.</msg>
<status status="PASS" endtime="20130502 17:16:57.409" starttime="20130502 17:16:57.346"></status>
</kw>
<kw type="kw" name="Selenium2Library.Page Should Contain" timeout="">
<doc>Verifies that current page contains `text`.</doc>
<arguments>
<arg>${ISBN}</arg>
</arguments>
<msg timestamp="20130502 17:16:57.439" level="INFO">Current page contains text '9780201485677'.</msg>
<status status="PASS" endtime="20130502 17:16:57.439" starttime="20130502 17:16:57.410"></status>
</kw>
<kw type="kw" name="Selenium2Library.Page Should Contain" timeout="">
<doc>Verifies that current page contains `text`.</doc>
<arguments>
<arg>${stock_state}</arg>
</arguments>
<msg timestamp="20130502 17:16:57.468" level="INFO">Current page contains text 'In-Stock'.</msg>
<status status="PASS" endtime="20130502 17:16:57.468" starttime="20130502 17:16:57.440"></status>
</kw>
<status status="PASS" endtime="20130502 17:16:57.468" starttime="20130502 17:16:56.951"></status>
</kw>
<kw type="kw" name="Add Book to Cart" timeout="">
<doc></doc>
<arguments>
<arg>${link}</arg>
</arguments>
<kw type="kw" name="Selenium2Library.Go To" timeout="">
<doc>Navigates the active browser instance to the provided URL.</doc>
<arguments>
<arg>${link}</arg>
</arguments>
<msg timestamp="20130502 17:16:57.470" level="INFO">Opening url 'http://127.0.0.1:8000/book/book/6/'</msg>
<status status="PASS" endtime="20130502 17:16:57.512" starttime="20130502 17:16:57.470"></status>
</kw>
<kw type="kw" name="Selenium2Library.Wait Until Page Contains Element" timeout="">
<doc>Waits until element specified with `locator` appears on current page.</doc>
<arguments>
<arg>id=btnAddToCart</arg>
</arguments>
<status status="PASS" endtime="20130502 17:16:57.536" starttime="20130502 17:16:57.513"></status>
</kw>
<kw type="kw" name="Selenium2Library.Click Element" timeout="">
<doc>Click element identified by `locator`.</doc>
<arguments>
<arg>id=btnAddToCart</arg>
</arguments>
<msg timestamp="20130502 17:16:57.537" level="INFO">Clicking element 'id=btnAddToCart'.</msg>
<status status="PASS" endtime="20130502 17:16:57.695" starttime="20130502 17:16:57.536"></status>
</kw>
<status status="PASS" endtime="20130502 17:16:57.695" starttime="20130502 17:16:57.469"></status>
</kw>
<kw type="kw" name="Add Book to Cart" timeout="">
<doc></doc>
<arguments>
<arg>${link}</arg>
</arguments>
<kw type="kw" name="Selenium2Library.Go To" timeout="">
<doc>Navigates the active browser instance to the provided URL.</doc>
<arguments>
<arg>${link}</arg>
</arguments>
<msg timestamp="20130502 17:16:57.697" level="INFO">Opening url 'http://127.0.0.1:8000/book/book/6/'</msg>
<status status="PASS" endtime="20130502 17:16:57.880" starttime="20130502 17:16:57.697"></status>
</kw>
<kw type="kw" name="Selenium2Library.Wait Until Page Contains Element" timeout="">
<doc>Waits until element specified with `locator` appears on current page.</doc>
<arguments>
<arg>id=btnAddToCart</arg>
</arguments>
<status status="PASS" endtime="20130502 17:16:57.903" starttime="20130502 17:16:57.881"></status>
</kw>
<kw type="kw" name="Selenium2Library.Click Element" timeout="">
<doc>Click element identified by `locator`.</doc>
<arguments>
<arg>id=btnAddToCart</arg>
</arguments>
<msg timestamp="20130502 17:16:57.904" level="INFO">Clicking element 'id=btnAddToCart'.</msg>
<status status="PASS" endtime="20130502 17:16:58.060" starttime="20130502 17:16:57.904"></status>
</kw>
<status status="PASS" endtime="20130502 17:16:58.060" starttime="20130502 17:16:57.696"></status>
</kw>
<kw type="kw" name="Verify Quantity In Cart" timeout="">
<doc></doc>
<arguments>
<arg>Refactoring: Improving the Design of Existing Code</arg>
<arg>2</arg>
</arguments>
<kw type="kw" name="Selenium2Library.Go To" timeout="">
<doc>Navigates the active browser instance to the provided URL.</doc>
<arguments>
<arg>${baseUrl}/cart/</arg>
</arguments>
<msg timestamp="20130502 17:16:58.062" level="INFO">Opening url 'http://127.0.0.1:8000/book/cart/'</msg>
<status status="PASS" endtime="20130502 17:16:58.351" starttime="20130502 17:16:58.062"></status>
</kw>
<kw type="kw" name="Selenium2Library.Page Should Contain" timeout="">
<doc>Verifies that current page contains `text`.</doc>
<arguments>
<arg>${title}</arg>
</arguments>
<msg timestamp="20130502 17:16:58.388" level="INFO">Current page contains text 'Refactoring: Improving the Design of Existing Code'.</msg>
<status status="PASS" endtime="20130502 17:16:58.388" starttime="20130502 17:16:58.352"></status>
</kw>
<kw type="kw" name="${fetched_qty} = Selenium2Library.Get Value" timeout="">
<doc>Returns the value attribute of element identified by `locator`.</doc>
<arguments>
<arg>id=qty</arg>
</arguments>
<msg timestamp="20130502 17:16:58.414" level="INFO">${fetched_qty} = 2</msg>
<status status="PASS" endtime="20130502 17:16:58.414" starttime="20130502 17:16:58.388"></status>
</kw>
<kw type="kw" name="BuiltIn.Should Be Equal" timeout="">
<doc>Fails if the given objects are unequal.</doc>
<arguments>
<arg>${fetched_qty}</arg>
<arg>${qty}</arg>
</arguments>
<msg timestamp="20130502 17:16:58.415" level="INFO">Argument types are:
&lt;type 'unicode'&gt;
&lt;type 'unicode'&gt;</msg>
<status status="PASS" endtime="20130502 17:16:58.415" starttime="20130502 17:16:58.415"></status>
</kw>
<status status="PASS" endtime="20130502 17:16:58.415" starttime="20130502 17:16:58.061"></status>
</kw>
<kw type="teardown" name="Selenium2Library.Close Browser" timeout="">
<doc>Closes the current browser.</doc>
<arguments>
</arguments>
<status status="PASS" endtime="20130502 17:16:58.509" starttime="20130502 17:16:58.416"></status>
</kw>
<tags>
</tags>
<status status="PASS" endtime="20130502 17:16:58.510" critical="yes" starttime="20130502 17:16:49.792"></status>
</test>
<status status="PASS" endtime="20130502 17:16:58.511" starttime="20130502 17:15:38.152"></status>
</suite>
<statistics>
<total>
<stat fail="0" pass="11">Critical Tests</stat>
<stat fail="0" pass="11">All Tests</stat>
</total>
<tag>
</tag>
<suite>
<stat fail="0" id="s1" name="Robotcase" pass="11">Robotcase</stat>
</suite>
</statistics>
<errors>
</errors>
</robot>
